type,grp1,grp2,p,stars
Nucleotide,"[0.01%, 0.1%)","[0.1%, 10%)",0.000282319139378901,***
Nucleotide,"[0.1%, 10%)",>=10%,0.0516993729779263,ns
Nucleotide,"[0.01%, 0.1%)",>=10%,0.00311759499468633,**
Amino acid,"[0.01%, 0.1%)","[0.1%, 10%)",0.000594720353368566,***
Amino acid,"[0.1%, 10%)",>=10%,0.407900628458522,ns
Amino acid,"[0.01%, 0.1%)",>=10%,0.0294367059956344,*
