type,freq_group,n,median_days,sd_days
Nucleotide,"[0.01%, 0.1%)",37,68,49.5530322281392
Nucleotide,"[0.1%, 10%)",56,30,24.8788166816776
Nucleotide,>=10%,8,9,25.0642032730802
Amino acid,"[0.01%, 0.1%)",14,69,32.045297609807
Amino acid,"[0.1%, 10%)",32,26.5,24.0226497625242
Amino acid,>=10%,5,21,29.3479130433494
