period,n,type,pct
Apr-20 to Dec-25,4016,Nucleotide,0.396250616674889
Dec-19 to Mar-20,6119,Nucleotide,0.603749383325111
Apr-20 to Dec-25,2193,Amino acid,0.387935609410932
Dec-19 to Mar-20,3460,Amino acid,0.612064390589068
