period,n,type,pct
Apr-20 to Dec-25,4025,Nucleotide,0.396668966196906
Dec-19 to Mar-20,6122,Nucleotide,0.603331033803095
Apr-20 to Dec-25,2200,Amino acid,0.388349514563107
Dec-19 to Mar-20,3465,Amino acid,0.611650485436893
