mutation_type,before_march2020,after_march2020
A>C,0.00191022,0.015332
A>G,0.111747851,0.206133
A>T,0.028653295,0.057922
C>A,0.015281757,0.045997
C>G,0.00095511,0.003407
C>T,0.408787011,0.131175
G>A,0.091690544,0.074957
G>C,0.00191022,0.010221
G>T,0.166189112,0.039182
T>A,0.016236867,0.052811
T>C,0.150907354,0.335605
T>G,0.005730659,0.027257